date,open,high,low,close,volume
2022-01-03,34.0,34.4,33.6,34.0,1000000
2022-01-04,34.21,34.61,33.81,34.21,1000000
2022-01-05,34.42,34.82,34.02,34.42,1000000
2022-01-06,34.63,35.03,34.230000000000004,34.63,1000000
2022-01-07,34.83,35.23,34.43,34.83,1000000
2022-01-10,35.04,35.44,34.64,35.04,1000000
2022-01-11,35.24,35.64,34.84,35.24,1000000
2022-01-12,35.44,35.839999999999996,35.04,35.44,1000000
2022-01-13,35.64,36.04,35.24,35.64,1000000
2022-01-14,35.83,36.23,35.43,35.83,1000000
2022-01-17,36.02,36.42,35.620000000000005,36.02,1000000
2022-01-18,36.2,36.6,35.800000000000004,36.2,1000000
2022-01-19,36.38,36.78,35.980000000000004,36.38,1000000
2022-01-20,36.55,36.949999999999996,36.15,36.55,1000000
2022-01-21,36.72,37.12,36.32,36.72,1000000
2022-01-24,36.88,37.28,36.480000000000004,36.88,1000000
2022-01-25,37.03,37.43,36.63,37.03,1000000
2022-01-26,37.18,37.58,36.78,37.18,1000000
2022-01-27,37.31,37.71,36.910000000000004,37.31,1000000
2022-01-28,37.44,37.839999999999996,37.04,37.44,1000000
2022-01-31,37.57,37.97,37.17,37.57,1000000
2022-02-01,37.68,38.08,37.28,37.68,1000000
2022-02-02,37.78,38.18,37.38,37.78,1000000
2022-02-03,37.88,38.28,37.480000000000004,37.88,1000000
2022-02-04,37.97,38.37,37.57,37.97,1000000
2022-02-07,38.05,38.449999999999996,37.65,38.05,1000000
2022-02-08,38.11,38.51,37.71,38.11,1000000
2022-02-09,38.17,38.57,37.77,38.17,1000000
2022-02-10,38.22,38.62,37.82,38.22,1000000
2022-02-11,38.26,38.66,37.86,38.26,1000000
2022-02-14,38.29,38.69,37.89,38.29,1000000
2022-02-15,38.31,38.71,37.910000000000004,38.31,1000000
2022-02-16,38.32,38.72,37.92,38.32,1000000
2022-02-17,38.32,38.72,37.92,38.32,1000000
2022-02-18,38.31,38.71,37.910000000000004,38.31,1000000
2022-02-21,38.29,38.69,37.89,38.29,1000000
2022-02-22,38.26,38.66,37.86,38.26,1000000
2022-02-23,38.22,38.62,37.82,38.22,1000000
2022-02-24,38.17,38.57,37.77,38.17,1000000
2022-02-25,38.11,38.51,37.71,38.11,1000000
2022-02-28,38.04,38.44,37.64,38.04,1000000
2022-03-01,37.96,38.36,37.56,37.96,1000000
2022-03-02,37.87,38.269999999999996,37.47,37.87,1000000
2022-03-03,37.78,38.18,37.38,37.78,1000000
2022-03-04,37.67,38.07,37.27,37.67,1000000
2022-03-07,37.56,37.96,37.160000000000004,37.56,1000000
2022-03-08,37.44,37.839999999999996,37.04,37.44,1000000
2022-03-09,37.32,37.72,36.92,37.32,1000000
2022-03-10,37.18,37.58,36.78,37.18,1000000
2022-03-11,37.04,37.44,36.64,37.04,1000000
2022-03-14,36.89,37.29,36.49,36.89,1000000
2022-03-15,36.74,37.14,36.34,36.74,1000000
2022-03-16,36.58,36.98,36.18,36.58,1000000
2022-03-17,36.42,36.82,36.02,36.42,1000000
2022-03-18,36.25,36.65,35.85,36.25,1000000
2022-03-21,36.08,36.48,35.68,36.08,1000000
2022-03-22,35.9,36.3,35.5,35.9,1000000
2022-03-23,35.72,36.12,35.32,35.72,1000000
2022-03-24,35.54,35.94,35.14,35.54,1000000
2022-03-25,35.35,35.75,34.95,35.35,1000000
2022-03-28,35.16,35.559999999999995,34.76,35.16,1000000
2022-03-29,34.98,35.379999999999995,34.58,34.98,1000000
2022-03-30,34.79,35.19,34.39,34.79,1000000
2022-03-31,34.6,35.0,34.2,34.6,1000000
2022-04-01,34.41,34.809999999999995,34.01,34.41,1000000
2022-04-04,34.22,34.62,33.82,34.22,1000000
2022-04-05,34.03,34.43,33.63,34.03,1000000
2022-04-06,33.84,34.24,33.440000000000005,33.84,1000000
2022-04-07,33.66,34.059999999999995,33.26,33.66,1000000
2022-04-08,33.48,33.879999999999995,33.08,33.48,1000000
2022-04-11,33.3,33.699999999999996,32.9,33.3,1000000
2022-04-12,33.12,33.519999999999996,32.72,33.12,1000000
2022-04-13,32.95,33.35,32.550000000000004,32.95,1000000
2022-04-14,32.78,33.18,32.38,32.78,1000000
2022-04-15,32.62,33.019999999999996,32.22,32.62,1000000
2022-04-18,32.46,32.86,32.06,32.46,1000000
2022-04-19,32.31,32.71,31.910000000000004,32.31,1000000
2022-04-20,32.17,32.57,31.770000000000003,32.17,1000000
2022-04-21,32.03,32.43,31.630000000000003,32.03,1000000
2022-04-22,31.9,32.3,31.5,31.9,1000000
2022-04-25,31.77,32.17,31.37,31.77,1000000
2022-04-26,31.66,32.06,31.26,31.66,1000000
2022-04-27,31.55,31.95,31.150000000000002,31.55,1000000
2022-04-28,31.45,31.849999999999998,31.05,31.45,1000000
2022-04-29,31.35,31.75,30.950000000000003,31.35,1000000
2022-05-02,31.27,31.669999999999998,30.87,31.27,1000000
2022-05-03,31.2,31.599999999999998,30.8,31.2,1000000
2022-05-04,31.13,31.529999999999998,30.73,31.13,1000000
2022-05-05,31.07,31.47,30.67,31.07,1000000
2022-05-06,31.03,31.43,30.630000000000003,31.03,1000000
2022-05-09,30.99,31.389999999999997,30.59,30.99,1000000
2022-05-10,30.96,31.36,30.560000000000002,30.96,1000000
2022-05-11,30.95,31.349999999999998,30.55,30.95,1000000
2022-05-12,30.94,31.34,30.540000000000003,30.94,1000000
2022-05-13,30.94,31.34,30.540000000000003,30.94,1000000
2022-05-16,30.95,31.349999999999998,30.55,30.95,1000000
2022-05-17,30.98,31.38,30.580000000000002,30.98,1000000
2022-05-18,31.01,31.41,30.610000000000003,31.01,1000000
2022-05-19,31.05,31.45,30.650000000000002,31.05,1000000
2022-05-20,31.1,31.5,30.700000000000003,31.1,1000000
2022-05-23,31.16,31.56,30.76,31.16,1000000
2022-05-24,31.24,31.639999999999997,30.84,31.24,1000000
2022-05-25,31.32,31.72,30.92,31.32,1000000
2022-05-26,31.41,31.81,31.01,31.41,1000000
2022-05-27,31.51,31.91,31.110000000000003,31.51,1000000
2022-05-30,31.61,32.01,31.21,31.61,1000000
2022-05-31,31.73,32.13,31.330000000000002,31.73,1000000
2022-06-01,31.86,32.26,31.46,31.86,1000000
2022-06-02,31.99,32.39,31.59,31.99,1000000
2022-06-03,32.13,32.53,31.730000000000004,32.13,1000000
2022-06-06,32.28,32.68,31.880000000000003,32.28,1000000
2022-06-07,32.43,32.83,32.03,32.43,1000000
2022-06-08,32.59,32.99,32.190000000000005,32.59,1000000
2022-06-09,32.76,33.16,32.36,32.76,1000000
2022-06-10,32.94,33.339999999999996,32.54,32.94,1000000
2022-06-13,33.12,33.519999999999996,32.72,33.12,1000000
2022-06-14,33.3,33.699999999999996,32.9,33.3,1000000
2022-06-15,33.49,33.89,33.09,33.49,1000000
2022-06-16,33.68,34.08,33.28,33.68,1000000
2022-06-17,33.88,34.28,33.480000000000004,33.88,1000000
2022-06-20,34.08,34.48,33.68,34.08,1000000
2022-06-21,34.29,34.69,33.89,34.29,1000000
2022-06-22,34.49,34.89,34.09,34.49,1000000
2022-06-23,34.7,35.1,34.300000000000004,34.7,1000000
2022-06-24,34.91,35.309999999999995,34.51,34.91,1000000
2022-06-27,35.12,35.519999999999996,34.72,35.12,1000000
2022-06-28,35.33,35.73,34.93,35.33,1000000
2022-06-29,35.54,35.94,35.14,35.54,1000000
2022-06-30,35.75,36.15,35.35,35.75,1000000
2022-07-01,35.95,36.35,35.550000000000004,35.95,1000000
2022-07-04,36.16,36.559999999999995,35.76,36.16,1000000
2022-07-05,36.36,36.76,35.96,36.36,1000000
2022-07-06,36.57,36.97,36.17,36.57,1000000
2022-07-07,36.76,37.16,36.36,36.76,1000000
2022-07-08,36.96,37.36,36.56,36.96,1000000
2022-07-11,37.15,37.55,36.75,37.15,1000000
2022-07-12,37.34,37.74,36.940000000000005,37.34,1000000
2022-07-13,37.52,37.92,37.120000000000005,37.52,1000000
2022-07-14,37.69,38.089999999999996,37.29,37.69,1000000
2022-07-15,37.86,38.26,37.46,37.86,1000000
2022-07-18,38.03,38.43,37.63,38.03,1000000
2022-07-19,38.19,38.589999999999996,37.79,38.19,1000000
2022-07-20,38.34,38.74,37.940000000000005,38.34,1000000
2022-07-21,38.48,38.879999999999995,38.08,38.48,1000000
2022-07-22,38.61,39.01,38.21,38.61,1000000
2022-07-25,38.74,39.14,38.34,38.74,1000000
2022-07-26,38.86,39.26,38.46,38.86,1000000
2022-07-27,38.97,39.37,38.57,38.97,1000000
2022-07-28,39.07,39.47,38.67,39.07,1000000
2022-07-29,39.17,39.57,38.77,39.17,1000000
2022-08-01,39.25,39.65,38.85,39.25,1000000
2022-08-02,39.33,39.73,38.93,39.33,1000000
2022-08-03,39.39,39.79,38.99,39.39,1000000
2022-08-04,39.45,39.85,39.050000000000004,39.45,1000000
2022-08-05,39.49,39.89,39.09,39.49,1000000
2022-08-08,39.53,39.93,39.13,39.53,1000000
2022-08-09,39.55,39.949999999999996,39.15,39.55,1000000
2022-08-10,39.57,39.97,39.17,39.57,1000000
2022-08-11,39.58,39.98,39.18,39.58,1000000
2022-08-12,39.57,39.97,39.17,39.57,1000000
2022-08-15,39.56,39.96,39.160000000000004,39.56,1000000
2022-08-16,39.53,39.93,39.13,39.53,1000000
2022-08-17,39.5,39.9,39.1,39.5,1000000
2022-08-18,39.46,39.86,39.06,39.46,1000000
2022-08-19,39.4,39.8,39.0,39.4,1000000
2022-08-22,39.34,39.74,38.940000000000005,39.34,1000000
2022-08-23,39.27,39.67,38.870000000000005,39.27,1000000
2022-08-24,39.19,39.589999999999996,38.79,39.19,1000000
2022-08-25,39.1,39.5,38.7,39.1,1000000
2022-08-26,39.0,39.4,38.6,39.0,1000000
2022-08-29,38.89,39.29,38.49,38.89,1000000
2022-08-30,38.78,39.18,38.38,38.78,1000000
2022-08-31,38.66,39.059999999999995,38.26,38.66,1000000
2022-09-01,38.53,38.93,38.13,38.53,1000000
2022-09-02,38.39,38.79,37.99,38.39,1000000
2022-09-05,38.25,38.65,37.85,38.25,1000000
2022-09-06,38.1,38.5,37.7,38.1,1000000
2022-09-07,37.94,38.339999999999996,37.54,37.94,1000000
2022-09-08,37.78,38.18,37.38,37.78,1000000
2022-09-09,37.62,38.019999999999996,37.22,37.62,1000000
2022-09-12,37.45,37.85,37.050000000000004,37.45,1000000
2022-09-13,37.27,37.67,36.870000000000005,37.27,1000000
2022-09-14,37.1,37.5,36.7,37.1,1000000
2022-09-15,36.92,37.32,36.52,36.92,1000000
2022-09-16,36.73,37.129999999999995,36.33,36.73,1000000
2022-09-19,36.55,36.949999999999996,36.15,36.55,1000000
2022-09-20,36.36,36.76,35.96,36.36,1000000
2022-09-21,36.17,36.57,35.77,36.17,1000000
2022-09-22,35.98,36.379999999999995,35.58,35.98,1000000
2022-09-23,35.79,36.19,35.39,35.79,1000000
2022-09-26,35.6,36.0,35.2,35.6,1000000
2022-09-27,35.41,35.809999999999995,35.01,35.41,1000000
2022-09-28,35.22,35.62,34.82,35.22,1000000
2022-09-29,35.04,35.44,34.64,35.04,1000000
2022-09-30,34.85,35.25,34.45,34.85,1000000
2022-10-03,34.67,35.07,34.27,34.67,1000000
2022-10-04,34.49,34.89,34.09,34.49,1000000
2022-10-05,34.32,34.72,33.92,34.32,1000000
2022-10-06,34.15,34.55,33.75,34.15,1000000
2022-10-07,33.98,34.379999999999995,33.58,33.98,1000000
2022-10-10,33.82,34.22,33.42,33.82,1000000
2022-10-11,33.67,34.07,33.27,33.67,1000000
2022-10-12,33.52,33.92,33.120000000000005,33.52,1000000
2022-10-13,33.38,33.78,32.980000000000004,33.38,1000000
2022-10-14,33.24,33.64,32.84,33.24,1000000
2022-10-17,33.11,33.51,32.71,33.11,1000000
2022-10-18,32.99,33.39,32.59,32.99,1000000
2022-10-19,32.87,33.269999999999996,32.47,32.87,1000000
2022-10-20,32.77,33.17,32.370000000000005,32.77,1000000
2022-10-21,32.67,33.07,32.27,32.67,1000000
2022-10-24,32.58,32.98,32.18,32.58,1000000
2022-10-25,32.5,32.9,32.1,32.5,1000000
2022-10-26,32.43,32.83,32.03,32.43,1000000
2022-10-27,32.37,32.769999999999996,31.97,32.37,1000000
2022-10-28,32.31,32.71,31.910000000000004,32.31,1000000
2022-10-31,32.27,32.67,31.870000000000005,32.27,1000000
2022-11-01,32.24,32.64,31.840000000000003,32.24,1000000
2022-11-02,32.21,32.61,31.810000000000002,32.21,1000000
2022-11-03,32.2,32.6,31.800000000000004,32.2,1000000
2022-11-04,32.19,32.589999999999996,31.79,32.19,1000000
2022-11-07,32.2,32.6,31.800000000000004,32.2,1000000
2022-11-08,32.22,32.62,31.82,32.22,1000000
2022-11-09,32.24,32.64,31.840000000000003,32.24,1000000
2022-11-10,32.28,32.68,31.880000000000003,32.28,1000000
2022-11-11,32.32,32.72,31.92,32.32,1000000
2022-11-14,32.38,32.78,31.980000000000004,32.38,1000000
2022-11-15,32.44,32.839999999999996,32.04,32.44,1000000
2022-11-16,32.52,32.92,32.120000000000005,32.52,1000000
2022-11-17,32.6,33.0,32.2,32.6,1000000
2022-11-18,32.7,33.1,32.300000000000004,32.7,1000000
2022-11-21,32.8,33.199999999999996,32.4,32.8,1000000
2022-11-22,32.91,33.309999999999995,32.51,32.91,1000000
2022-11-23,33.03,33.43,32.63,33.03,1000000
2022-11-24,33.16,33.559999999999995,32.76,33.16,1000000
2022-11-25,33.29,33.69,32.89,33.29,1000000
2022-11-28,33.44,33.839999999999996,33.04,33.44,1000000
2022-11-29,33.59,33.99,33.190000000000005,33.59,1000000
2022-11-30,33.74,34.14,33.34,33.74,1000000
2022-12-01,33.91,34.309999999999995,33.51,33.91,1000000
2022-12-02,34.08,34.48,33.68,34.08,1000000
2022-12-05,34.25,34.65,33.85,34.25,1000000
2022-12-06,34.44,34.839999999999996,34.04,34.44,1000000
2022-12-07,34.62,35.019999999999996,34.22,34.62,1000000
2022-12-08,34.81,35.21,34.410000000000004,34.81,1000000
2022-12-09,35.01,35.41,34.61,35.01,1000000
2022-12-12,35.21,35.61,34.81,35.21,1000000
2022-12-13,35.41,35.809999999999995,35.01,35.41,1000000
2022-12-14,35.61,36.01,35.21,35.61,1000000
2022-12-15,35.82,36.22,35.42,35.82,1000000
2022-12-16,36.03,36.43,35.63,36.03,1000000
2022-12-19,36.23,36.629999999999995,35.83,36.23,1000000
2022-12-20,36.44,36.839999999999996,36.04,36.44,1000000
2022-12-21,36.65,37.05,36.25,36.65,1000000
2022-12-22,36.86,37.26,36.46,36.86,1000000
2022-12-23,37.07,37.47,36.67,37.07,1000000
2022-12-26,37.28,37.68,36.88,37.28,1000000
2022-12-27,37.49,37.89,37.09,37.49,1000000
2022-12-28,37.69,38.089999999999996,37.29,37.69,1000000
2022-12-29,37.89,38.29,37.49,37.89,1000000
2022-12-30,38.09,38.49,37.690000000000005,38.09,1000000
2023-01-02,38.28,38.68,37.88,38.28,1000000
2023-01-03,38.47,38.87,38.07,38.47,1000000
2023-01-04,38.65,39.05,38.25,38.65,1000000
2023-01-05,38.83,39.23,38.43,38.83,1000000
2023-01-06,39.01,39.41,38.61,39.01,1000000
2023-01-09,39.18,39.58,38.78,39.18,1000000
2023-01-10,39.34,39.74,38.940000000000005,39.34,1000000
2023-01-11,39.49,39.89,39.09,39.49,1000000
2023-01-12,39.64,40.04,39.24,39.64,1000000
2023-01-13,39.78,40.18,39.38,39.78,1000000
2023-01-16,39.92,40.32,39.52,39.92,1000000
2023-01-17,40.04,40.44,39.64,40.04,1000000
2023-01-18,40.16,40.559999999999995,39.76,40.16,1000000
2023-01-19,40.26,40.66,39.86,40.26,1000000
2023-01-20,40.36,40.76,39.96,40.36,1000000
2023-01-23,40.45,40.85,40.050000000000004,40.45,1000000
2023-01-24,40.53,40.93,40.13,40.53,1000000
2023-01-25,40.61,41.01,40.21,40.61,1000000
2023-01-26,40.67,41.07,40.27,40.67,1000000
2023-01-27,40.72,41.12,40.32,40.72,1000000
2023-01-30,40.76,41.16,40.36,40.76,1000000
2023-01-31,40.79,41.19,40.39,40.79,1000000
2023-02-01,40.82,41.22,40.42,40.82,1000000
2023-02-02,40.83,41.23,40.43,40.83,1000000
2023-02-03,40.83,41.23,40.43,40.83,1000000
2023-02-06,40.82,41.22,40.42,40.82,1000000
2023-02-07,40.81,41.21,40.410000000000004,40.81,1000000
2023-02-08,40.78,41.18,40.38,40.78,1000000
2023-02-09,40.74,41.14,40.34,40.74,1000000
2023-02-10,40.7,41.1,40.300000000000004,40.7,1000000
2023-02-13,40.64,41.04,40.24,40.64,1000000
2023-02-14,40.57,40.97,40.17,40.57,1000000
2023-02-15,40.5,40.9,40.1,40.5,1000000
2023-02-16,40.42,40.82,40.02,40.42,1000000
2023-02-17,40.32,40.72,39.92,40.32,1000000
2023-02-20,40.22,40.62,39.82,40.22,1000000
2023-02-21,40.11,40.51,39.71,40.11,1000000
2023-02-22,40.0,40.4,39.6,40.0,1000000
2023-02-23,39.87,40.269999999999996,39.47,39.87,1000000
2023-02-24,39.74,40.14,39.34,39.74,1000000
2023-02-27,39.6,40.0,39.2,39.6,1000000
2023-02-28,39.46,39.86,39.06,39.46,1000000
2023-03-01,39.3,39.699999999999996,38.9,39.3,1000000
2023-03-02,39.15,39.55,38.75,39.15,1000000
2023-03-03,38.99,39.39,38.59,38.99,1000000
2023-03-06,38.82,39.22,38.42,38.82,1000000
2023-03-07,38.65,39.05,38.25,38.65,1000000
2023-03-08,38.47,38.87,38.07,38.47,1000000
2023-03-09,38.29,38.69,37.89,38.29,1000000
2023-03-10,38.11,38.51,37.71,38.11,1000000
2023-03-13,37.93,38.33,37.53,37.93,1000000
2023-03-14,37.74,38.14,37.34,37.74,1000000
2023-03-15,37.55,37.949999999999996,37.15,37.55,1000000
2023-03-16,37.36,37.76,36.96,37.36,1000000
2023-03-17,37.17,37.57,36.77,37.17,1000000
2023-03-20,36.98,37.379999999999995,36.58,36.98,1000000
2023-03-21,36.79,37.19,36.39,36.79,1000000
2023-03-22,36.6,37.0,36.2,36.6,1000000
2023-03-23,36.42,36.82,36.02,36.42,1000000
2023-03-24,36.23,36.629999999999995,35.83,36.23,1000000
2023-03-27,36.05,36.449999999999996,35.65,36.05,1000000
2023-03-28,35.87,36.269999999999996,35.47,35.87,1000000
2023-03-29,35.69,36.089999999999996,35.29,35.69,1000000
2023-03-30,35.52,35.92,35.120000000000005,35.52,1000000
2023-03-31,35.35,35.75,34.95,35.35,1000000
2023-04-03,35.19,35.589999999999996,34.79,35.19,1000000
2023-04-04,35.03,35.43,34.63,35.03,1000000
2023-04-05,34.87,35.269999999999996,34.47,34.87,1000000
2023-04-06,34.73,35.129999999999995,34.33,34.73,1000000
2023-04-07,34.59,34.99,34.190000000000005,34.59,1000000
2023-04-10,34.45,34.85,34.050000000000004,34.45,1000000
2023-04-11,34.33,34.73,33.93,34.33,1000000
2023-04-12,34.21,34.61,33.81,34.21,1000000
2023-04-13,34.09,34.49,33.690000000000005,34.09,1000000
2023-04-14,33.99,34.39,33.59,33.99,1000000
2023-04-17,33.9,34.3,33.5,33.9,1000000
2023-04-18,33.81,34.21,33.410000000000004,33.81,1000000
2023-04-19,33.73,34.129999999999995,33.33,33.73,1000000
2023-04-20,33.66,34.059999999999995,33.26,33.66,1000000
2023-04-21,33.6,34.0,33.2,33.6,1000000
2023-04-24,33.55,33.949999999999996,33.15,33.55,1000000
2023-04-25,33.51,33.91,33.11,33.51,1000000
2023-04-26,33.48,33.879999999999995,33.08,33.48,1000000
2023-04-27,33.46,33.86,33.06,33.46,1000000
2023-04-28,33.45,33.85,33.050000000000004,33.45,1000000
2023-05-01,33.45,33.85,33.050000000000004,33.45,1000000
2023-05-02,33.46,33.86,33.06,33.46,1000000
2023-05-03,33.48,33.879999999999995,33.08,33.48,1000000
2023-05-04,33.51,33.91,33.11,33.51,1000000
2023-05-05,33.55,33.949999999999996,33.15,33.55,1000000
2023-05-08,33.6,34.0,33.2,33.6,1000000
2023-05-09,33.66,34.059999999999995,33.26,33.66,1000000
2023-05-10,33.72,34.12,33.32,33.72,1000000
2023-05-11,33.8,34.199999999999996,33.4,33.8,1000000
2023-05-12,33.89,34.29,33.49,33.89,1000000
2023-05-15,33.99,34.39,33.59,33.99,1000000
2023-05-16,34.09,34.49,33.690000000000005,34.09,1000000
2023-05-17,34.21,34.61,33.81,34.21,1000000
2023-05-18,34.33,34.73,33.93,34.33,1000000
2023-05-19,34.46,34.86,34.06,34.46,1000000
2023-05-22,34.6,35.0,34.2,34.6,1000000
2023-05-23,34.74,35.14,34.34,34.74,1000000
2023-05-24,34.89,35.29,34.49,34.89,1000000
2023-05-25,35.05,35.449999999999996,34.65,35.05,1000000
2023-05-26,35.22,35.62,34.82,35.22,1000000
2023-05-29,35.39,35.79,34.99,35.39,1000000
2023-05-30,35.57,35.97,35.17,35.57,1000000
2023-05-31,35.75,36.15,35.35,35.75,1000000
2023-06-01,35.94,36.339999999999996,35.54,35.94,1000000
2023-06-02,36.13,36.53,35.730000000000004,36.13,1000000
2023-06-05,36.33,36.73,35.93,36.33,1000000
2023-06-06,36.53,36.93,36.13,36.53,1000000
2023-06-07,36.73,37.129999999999995,36.33,36.73,1000000
2023-06-08,36.94,37.339999999999996,36.54,36.94,1000000
2023-06-09,37.14,37.54,36.74,37.14,1000000
2023-06-12,37.35,37.75,36.95,37.35,1000000
2023-06-13,37.56,37.96,37.160000000000004,37.56,1000000
2023-06-14,37.77,38.17,37.370000000000005,37.77,1000000
2023-06-15,37.98,38.379999999999995,37.58,37.98,1000000
2023-06-16,38.19,38.589999999999996,37.79,38.19,1000000
2023-06-19,38.4,38.8,38.0,38.4,1000000
2023-06-20,38.61,39.01,38.21,38.61,1000000
2023-06-21,38.81,39.21,38.410000000000004,38.81,1000000
2023-06-22,39.01,39.41,38.61,39.01,1000000
2023-06-23,39.21,39.61,38.81,39.21,1000000
2023-06-26,39.41,39.809999999999995,39.01,39.41,1000000
2023-06-27,39.6,40.0,39.2,39.6,1000000
2023-06-28,39.79,40.19,39.39,39.79,1000000
2023-06-29,39.97,40.37,39.57,39.97,1000000
2023-06-30,40.15,40.55,39.75,40.15,1000000
2023-07-03,40.32,40.72,39.92,40.32,1000000
2023-07-04,40.49,40.89,40.09,40.49,1000000
2023-07-05,40.65,41.05,40.25,40.65,1000000
2023-07-06,40.8,41.199999999999996,40.4,40.8,1000000
2023-07-07,40.95,41.35,40.550000000000004,40.95,1000000
2023-07-10,41.08,41.48,40.68,41.08,1000000
2023-07-11,41.21,41.61,40.81,41.21,1000000
2023-07-12,41.34,41.74,40.940000000000005,41.34,1000000
2023-07-13,41.45,41.85,41.050000000000004,41.45,1000000
2023-07-14,41.56,41.96,41.160000000000004,41.56,1000000
2023-07-17,41.65,42.05,41.25,41.65,1000000
2023-07-18,41.74,42.14,41.34,41.74,1000000
2023-07-19,41.82,42.22,41.42,41.82,1000000
2023-07-20,41.88,42.28,41.480000000000004,41.88,1000000
2023-07-21,41.94,42.339999999999996,41.54,41.94,1000000
2023-07-24,41.99,42.39,41.59,41.99,1000000
2023-07-25,42.03,42.43,41.63,42.03,1000000
2023-07-26,42.06,42.46,41.660000000000004,42.06,1000000
2023-07-27,42.08,42.48,41.68,42.08,1000000
2023-07-28,42.09,42.49,41.690000000000005,42.09,1000000
2023-07-31,42.09,42.49,41.690000000000005,42.09,1000000
2023-08-01,42.08,42.48,41.68,42.08,1000000
2023-08-02,42.06,42.46,41.660000000000004,42.06,1000000
2023-08-03,42.02,42.42,41.620000000000005,42.02,1000000
2023-08-04,41.98,42.379999999999995,41.58,41.98,1000000
2023-08-07,41.93,42.33,41.53,41.93,1000000
2023-08-08,41.88,42.28,41.480000000000004,41.88,1000000
2023-08-09,41.81,42.21,41.410000000000004,41.81,1000000
2023-08-10,41.73,42.129999999999995,41.33,41.73,1000000
2023-08-11,41.64,42.04,41.24,41.64,1000000
2023-08-14,41.55,41.949999999999996,41.15,41.55,1000000
2023-08-15,41.44,41.839999999999996,41.04,41.44,1000000
2023-08-16,41.33,41.73,40.93,41.33,1000000
2023-08-17,41.21,41.61,40.81,41.21,1000000
2023-08-18,41.08,41.48,40.68,41.08,1000000
2023-08-21,40.95,41.35,40.550000000000004,40.95,1000000
2023-08-22,40.81,41.21,40.410000000000004,40.81,1000000
2023-08-23,40.66,41.059999999999995,40.26,40.66,1000000
2023-08-24,40.51,40.91,40.11,40.51,1000000
2023-08-25,40.35,40.75,39.95,40.35,1000000
2023-08-28,40.19,40.589999999999996,39.79,40.19,1000000
2023-08-29,40.02,40.42,39.620000000000005,40.02,1000000
2023-08-30,39.85,40.25,39.45,39.85,1000000
2023-08-31,39.67,40.07,39.27,39.67,1000000
2023-09-01,39.49,39.89,39.09,39.49,1000000
2023-09-04,39.31,39.71,38.910000000000004,39.31,1000000
2023-09-05,39.12,39.519999999999996,38.72,39.12,1000000
2023-09-06,38.93,39.33,38.53,38.93,1000000
2023-09-07,38.74,39.14,38.34,38.74,1000000
2023-09-08,38.55,38.949999999999996,38.15,38.55,1000000
2023-09-11,38.36,38.76,37.96,38.36,1000000
2023-09-12,38.17,38.57,37.77,38.17,1000000
2023-09-13,37.99,38.39,37.59,37.99,1000000
2023-09-14,37.8,38.199999999999996,37.4,37.8,1000000
2023-09-15,37.61,38.01,37.21,37.61,1000000
2023-09-18,37.43,37.83,37.03,37.43,1000000
2023-09-19,37.24,37.64,36.84,37.24,1000000
2023-09-20,37.07,37.47,36.67,37.07,1000000
2023-09-21,36.89,37.29,36.49,36.89,1000000
2023-09-22,36.72,37.12,36.32,36.72,1000000
2023-09-25,36.55,36.949999999999996,36.15,36.55,1000000
2023-09-26,36.39,36.79,35.99,36.39,1000000
2023-09-27,36.23,36.629999999999995,35.83,36.23,1000000
2023-09-28,36.08,36.48,35.68,36.08,1000000
2023-09-29,35.94,36.339999999999996,35.54,35.94,1000000
2023-10-02,35.8,36.199999999999996,35.4,35.8,1000000
2023-10-03,35.67,36.07,35.27,35.67,1000000
2023-10-04,35.54,35.94,35.14,35.54,1000000
2023-10-05,35.42,35.82,35.02,35.42,1000000
2023-10-06,35.32,35.72,34.92,35.32,1000000
2023-10-09,35.22,35.62,34.82,35.22,1000000
2023-10-10,35.12,35.519999999999996,34.72,35.12,1000000
2023-10-11,35.04,35.44,34.64,35.04,1000000
2023-10-12,34.96,35.36,34.56,34.96,1000000
2023-10-13,34.9,35.3,34.5,34.9,1000000
2023-10-16,34.84,35.24,34.440000000000005,34.84,1000000
2023-10-17,34.8,35.199999999999996,34.4,34.8,1000000
2023-10-18,34.76,35.16,34.36,34.76,1000000
2023-10-19,34.73,35.129999999999995,34.33,34.73,1000000
2023-10-20,34.72,35.12,34.32,34.72,1000000
2023-10-23,34.71,35.11,34.31,34.71,1000000
2023-10-24,34.71,35.11,34.31,34.71,1000000
2023-10-25,34.72,35.12,34.32,34.72,1000000
2023-10-26,34.75,35.15,34.35,34.75,1000000
2023-10-27,34.78,35.18,34.38,34.78,1000000
2023-10-30,34.82,35.22,34.42,34.82,1000000
2023-10-31,34.87,35.269999999999996,34.47,34.87,1000000
2023-11-01,34.93,35.33,34.53,34.93,1000000
2023-11-02,35.01,35.41,34.61,35.01,1000000
2023-11-03,35.09,35.49,34.690000000000005,35.09,1000000
2023-11-06,35.18,35.58,34.78,35.18,1000000
2023-11-07,35.28,35.68,34.88,35.28,1000000
2023-11-08,35.39,35.79,34.99,35.39,1000000
2023-11-09,35.5,35.9,35.1,35.5,1000000
2023-11-10,35.63,36.03,35.230000000000004,35.63,1000000
2023-11-13,35.76,36.16,35.36,35.76,1000000
2023-11-14,35.9,36.3,35.5,35.9,1000000
2023-11-15,36.05,36.449999999999996,35.65,36.05,1000000
2023-11-16,36.2,36.6,35.800000000000004,36.2,1000000
2023-11-17,36.37,36.769999999999996,35.97,36.37,1000000
2023-11-20,36.53,36.93,36.13,36.53,1000000
2023-11-21,36.71,37.11,36.31,36.71,1000000
2023-11-22,36.89,37.29,36.49,36.89,1000000
2023-11-23,37.07,37.47,36.67,37.07,1000000
2023-11-24,37.26,37.66,36.86,37.26,1000000
2023-11-27,37.46,37.86,37.06,37.46,1000000
2023-11-28,37.65,38.05,37.25,37.65,1000000
2023-11-29,37.85,38.25,37.45,37.85,1000000
2023-11-30,38.06,38.46,37.660000000000004,38.06,1000000
2023-12-01,38.26,38.66,37.86,38.26,1000000
